{
  "continuous": {
    "final_loss": 0.00204147445037961,
    "train_time": 30.142844915390015,
    "accuracy": {
      "mse": 1.9716830138349906e-05,
      "mae": 0.0035021817311644554
    },
    "duty_cycle": 1.0
  },
  "passive": {
    "final_loss": 0.014492137357592583,
    "train_time": 14.56378436088562,
    "accuracy": {
      "mse": 2.3480642994400114e-05,
      "mae": 0.00382829993031919
    },
    "duty_cycle": 0.5
  },
  "active": {
    "final_loss": 0.03964591771364212,
    "train_time": 15.072651863098145,
    "accuracy": {
      "mse": 6.523137562908232e-05,
      "mae": 0.00654350221157074
    },
    "duty_cycle": 0.5
  }
}