Regime,Duty Cycle (%),Final Loss,Training Time (s),Loss vs Baseline (%)
Continuous,100.0,0.00022257825185079128,7.548752069473267,0.0
Passive,50.0,0.00155958766117692,3.806262969970703,600.6918457704544
Active,50.0,0.0012811011401936412,3.8822343349456787,475.5733678115357
