Regime,Duty Cycle (%),Final Loss,Training Time (s),Loss vs Baseline (%)
Continuous,100.0,0.012921895831823349,36.39351677894592,0.0
Passive,50.0,0.013981364667415619,18.55814528465271,8.199020092570837
Active,50.0,0.020745418965816498,19.44722294807434,60.544700528584954
