{
  "burgers_statistical": {
    "final_loss": {
      "mean": 0.20718312710523606,
      "std": 0.004969231359184534,
      "min": 0.20082131028175354,
      "max": 0.2177344411611557,
      "median": 0.2058258056640625,
      "q25": 0.20439307764172554,
      "q75": 0.2085939310491085,
      "sem": 0.0016564104530615111,
      "ci_95": {
        "lower": 0.2039365626172355,
        "upper": 0.21042969159323663
      }
    },
    "passive_loss": {
      "mean": 0.2103294923901558,
      "std": 0.004984170909778916,
      "min": 0.20423023402690887,
      "max": 0.22134143114089966,
      "median": 0.2090972661972046,
      "q25": 0.20774254947900772,
      "q75": 0.21047817915678024,
      "sem": 0.0016613903032596385,
      "ci_95": {
        "lower": 0.20707316739576692,
        "upper": 0.21358581738454469
      }
    },
    "active_loss": {
      "mean": 0.21745605617761612,
      "std": 0.005489031803387967,
      "min": 0.21071100234985352,
      "max": 0.22922426462173462,
      "median": 0.21635925769805908,
      "q25": 0.2149428017437458,
      "q75": 0.218348428606987,
      "sem": 0.0018296772677959892,
      "ci_95": {
        "lower": 0.213869888732736,
        "upper": 0.22104222362249626
      }
    }
  },
  "laplace_statistical": {
    "final_loss": {
      "mean": 0.013218383211642504,
      "std": 0.0007032481113489345,
      "min": 0.012380127795040607,
      "max": 0.015002035535871983,
      "median": 0.013067297637462616,
      "q25": 0.012832460226491094,
      "q75": 0.013478769920766354,
      "sem": 0.00023441603711631148,
      "ci_95": {
        "lower": 0.012758927778894534,
        "upper": 0.013677838644390474
      }
    },
    "passive_loss": {
      "mean": 0.013946419209241867,
      "std": 0.00040509778386372956,
      "min": 0.013078421354293823,
      "max": 0.014583584852516651,
      "median": 0.01397798489779234,
      "q25": 0.013765620300546288,
      "q75": 0.014203916303813457,
      "sem": 0.00013503259462124316,
      "ci_95": {
        "lower": 0.01368175532378423,
        "upper": 0.014211083094699503
      }
    },
    "active_loss": {
      "mean": 0.018093310296535492,
      "std": 0.001288840122616546,
      "min": 0.01673717238008976,
      "max": 0.020745418965816498,
      "median": 0.017798757180571556,
      "q25": 0.016993998549878597,
      "q75": 0.01894944068044424,
      "sem": 0.00042961337420551523,
      "ci_95": {
        "lower": 0.017251268083092682,
        "upper": 0.0189353525099783
      }
    }
  },
  "memristor_statistical": {
    "final_loss": {
      "mean": 0.0006725543011270929,
      "std": 0.0005751831243857382,
      "min": 8.502446144120768e-05,
      "max": 0.0016691627679392695,
      "median": 0.0004013957077404484,
      "q25": 0.0002271057164762169,
      "q75": 0.001051482802722603,
      "sem": 0.00019172770812857942,
      "ci_95": {
        "lower": 0.00029676799319507726,
        "upper": 0.0010483406090591085
      }
    },
    "passive_loss": {
      "mean": 0.002260941581334919,
      "std": 0.0012390860047982021,
      "min": 0.0005197165301069617,
      "max": 0.004686836153268814,
      "median": 0.0018123183399438858,
      "q25": 0.0014358058688230813,
      "q75": 0.0032822134089656174,
      "sem": 0.00041302866826606734,
      "ci_95": {
        "lower": 0.001451405391533427,
        "upper": 0.0030704777711364106
      }
    },
    "active_loss": {
      "mean": 0.002063596260268241,
      "std": 0.0018156643391278495,
      "min": 0.0006052037933841348,
      "max": 0.006864954251796007,
      "median": 0.0013633885537274182,
      "q25": 0.0012659223866648972,
      "q75": 0.0014966428861953318,
      "sem": 0.0006052214463759498,
      "ci_95": {
        "lower": 0.0008773622253713793,
        "upper": 0.003249830295165103
      }
    }
  },
  "heat_statistical": {
    "final_loss": {
      "mean": 0.0011208481271751225,
      "std": 0.00025036928734456884,
      "min": 0.0006389239570125937,
      "max": 0.001526898005977273,
      "median": 0.0010470965062268078,
      "q25": 0.0010048342228401452,
      "q75": 0.0013049094704911113,
      "sem": 8.345642911485627e-05,
      "ci_95": {
        "lower": 0.0009572735261100041,
        "upper": 0.0012844227282402408
      }
    },
    "passive_loss": {
      "mean": 0.012694633193314075,
      "std": 0.0016379789158576445,
      "min": 0.010927988216280937,
      "max": 0.016648784279823303,
      "median": 0.012462821789085865,
      "q25": 0.011302152881398797,
      "q75": 0.013488227967172861,
      "sem": 0.0005459929719525482,
      "ci_95": {
        "lower": 0.01162448696828708,
        "upper": 0.01376477941834107
      }
    },
    "active_loss": {
      "mean": 0.028597047552466393,
      "std": 0.002600790331663614,
      "min": 0.025363735854625702,
      "max": 0.03547355532646179,
      "median": 0.028333749622106552,
      "q25": 0.026988379191607237,
      "q75": 0.02898620441555977,
      "sem": 0.000866930110554538,
      "ci_95": {
        "lower": 0.026897864535779498,
        "upper": 0.030296230569153287
      }
    }
  },
  "wave_statistical": {
    "final_loss": {
      "mean": 0.0015582201245706528,
      "std": 0.0006267425650123237,
      "min": 0.0006848794873803854,
      "max": 0.0028279507532715797,
      "median": 0.001384969218634069,
      "q25": 0.0011718827008735389,
      "q75": 0.0019074615556746721,
      "sem": 0.00020891418833744125,
      "ci_95": {
        "lower": 0.001148748315429268,
        "upper": 0.0019676919337120375
      }
    },
    "passive_loss": {
      "mean": 0.017189867608249188,
      "std": 0.0028849120109640863,
      "min": 0.014492137357592583,
      "max": 0.025229264050722122,
      "median": 0.01629256084561348,
      "q25": 0.01577454712241888,
      "q75": 0.01721099717542529,
      "sem": 0.0009616373369880286,
      "ci_95": {
        "lower": 0.015305058427752653,
        "upper": 0.019074676788745724
      }
    },
    "active_loss": {
      "mean": 0.04066098853945732,
      "std": 0.0072184551931846475,
      "min": 0.03675062954425812,
      "max": 0.06220163404941559,
      "median": 0.03842217102646828,
      "q25": 0.03792680334299803,
      "q75": 0.038843550719320774,
      "sem": 0.002406151731061549,
      "ci_95": {
        "lower": 0.03594493114657669,
        "upper": 0.045377045932337955
      }
    }
  },
  "burgers_deep": {
    "continuous": 0.207474023103714,
    "passive": 0.21127882599830627,
    "active": 0.21904264390468597
  },
  "burgers_wide": {
    "continuous": 0.207474023103714,
    "passive": 0.21127882599830627,
    "active": 0.21904264390468597
  },
  "burgers_10k": {
    "continuous": 0.20433205366134644,
    "passive": 0.20577716827392578,
    "active": 0.21179698407649994
  },
  "laplace_10k": {
    "continuous": 0.01166454516351223,
    "passive": 0.012350352481007576,
    "active": 0.014982802793383598
  }
}