{
  "continuous": {
    "final_loss": 0.0009959121234714985,
    "train_time": 22.033056020736694,
    "accuracy": {
      "mse": 6.150918488856405e-05,
      "mae": 0.00684153288602829
    },
    "duty_cycle": 1.0
  },
  "passive": {
    "final_loss": 0.013640405610203743,
    "train_time": 11.128613233566284,
    "accuracy": {
      "mse": 0.00023805053206160665,
      "mae": 0.012961933389306068
    },
    "duty_cycle": 0.5
  },
  "active": {
    "final_loss": 0.029129553586244583,
    "train_time": 11.52147912979126,
    "accuracy": {
      "mse": 0.00012419935956131667,
      "mae": 0.009588337503373623
    },
    "duty_cycle": 0.5
  }
}